customer_id,age,salary,cibil,experience,employment_type,existing_emi,loan_amount_requested,bank_balance,dependents,loan_status
1,57,132015,667,13,1,25223,1970551,537450,1,1
2,48,64429,580,30,3,34716,2835918,782788,2,0
3,21,46751,830,33,1,32237,1512045,834823,5,1
4,24,115363,695,16,3,1974,2615488,433588,3,1
5,46,75937,833,35,3,27465,1129897,348227,5,1
6,39,69043,629,13,2,26696,764894,491522,5,0
7,38,34817,719,12,1,37753,189551,789852,3,1
8,47,17341,737,30,3,1917,2805708,168871,3,1
9,28,133813,561,3,3,21472,484348,339935,0,1
10,55,95753,711,3,2,4631,1692052,241948,1,1
11,35,62892,696,33,1,28529,1664488,376150,0,1
12,47,85149,762,21,1,35746,2834907,59297,0,1
13,36,87513,716,10,2,20809,967544,806789,2,1
14,52,68975,623,34,2,391,690191,540711,3,1
15,51,66281,636,3,0,32097,2966390,390753,3,0
16,31,34503,679,30,0,39050,729625,660162,4,0
17,32,148704,883,32,2,14721,79614,172762,4,1
18,39,39729,625,21,2,12793,972732,532624,2,1
19,47,30448,578,5,3,16930,1258923,630882,3,0
20,29,59401,824,22,1,22051,851790,696348,3,1
21,54,56486,807,27,1,35445,2228568,238278,4,1
22,55,124369,818,16,0,2415,838318,925715,3,1
23,32,89712,787,18,3,17327,1011602,892506,3,1
24,42,109720,834,22,2,22130,1483228,95279,0,1
25,31,62690,582,24,1,10052,415401,540510,5,1
26,57,116901,847,1,3,35654,2744854,351062,0,1
27,36,33572,780,5,0,5231,881092,568607,0,1
28,53,119908,843,14,2,18070,2119828,891515,5,1
29,56,117295,621,34,0,26540,208300,179145,1,1
30,21,21009,890,27,2,16188,2583088,450739,4,0
31,50,59698,733,0,0,801,2697482,62110,2,0
32,58,135710,568,26,2,15340,1216531,532823,4,0
33,22,127715,787,6,0,38492,1860572,630124,2,1
34,44,26180,603,19,2,15210,990881,683188,3,0
35,43,101425,812,10,0,7332,2648217,730398,2,1
36,43,100550,645,12,3,13216,2653455,377739,0,1
37,53,84920,612,22,2,9850,1780654,303045,0,1
38,45,141820,682,33,2,24963,647381,28305,0,0
39,41,24499,670,8,3,23409,501237,270327,0,0
40,38,69120,635,32,1,7081,1011919,650468,0,1
41,33,79657,656,4,0,21593,1287397,616457,5,0
42,49,35489,618,1,3,17949,2384297,256433,0,0
43,31,101970,593,26,2,9674,2735565,881638,5,1
44,28,59838,582,2,2,26464,276660,741626,4,0
45,33,43657,869,8,0,39345,2138767,798516,1,1
46,39,93671,703,14,3,25067,770224,703299,5,1
47,60,101019,830,10,1,22816,1367182,398185,1,1
48,48,92547,700,21,2,25254,521628,462971,1,1
49,44,22869,863,24,3,29010,793487,136727,2,1
50,54,138518,697,31,0,3666,2169801,724438,3,1
51,46,100492,651,24,1,37820,653880,585337,3,1
52,47,108003,717,30,1,23577,450967,862580,5,1
53,21,131312,795,29,1,12219,725437,612059,3,1
54,53,127995,720,33,2,39577,92087,616326,2,1
55,27,39319,709,1,0,7552,2945047,477447,3,0
56,35,36271,553,5,3,27429,1635945,655669,4,0
57,54,47683,812,35,2,7486,1010139,251533,4,1
58,21,66012,738,4,2,3517,2283230,840668,2,1
59,35,115618,894,14,2,14904,1996452,385955,1,1
60,50,40169,627,26,3,28579,2494960,64982,4,0
61,39,138747,663,32,2,32729,2267951,675337,2,1
62,22,56543,705,31,2,22851,993185,250905,3,1
63,37,113832,787,32,1,32449,2148201,985289,4,1
64,31,138040,756,12,3,3073,2842092,983890,5,1
65,48,36982,774,12,1,14491,1835258,807025,4,1
66,30,143460,666,22,0,18524,1442892,638931,3,1
67,34,24246,626,20,2,29001,2978905,289958,2,0
68,29,147964,835,4,3,33010,1291560,219961,5,1
69,42,78821,665,31,1,8148,2482259,826218,0,1
70,31,125534,626,15,1,27764,787196,784838,2,1
71,38,107674,661,2,3,23109,2849025,980702,5,0
72,29,119059,556,31,0,35444,1739139,803512,1,1
73,29,25630,655,26,3,15424,2889306,933157,1,0
74,59,34182,791,11,2,15793,2174394,349002,1,0
75,49,91077,814,33,0,15640,658821,382198,0,1
76,23,25610,816,11,1,37142,2173634,446500,1,1
77,42,144081,834,19,0,15467,941854,364260,5,1
78,48,72720,695,7,1,27459,152887,607567,3,1
79,60,133436,652,26,1,18664,1153096,565425,4,1
80,36,113964,736,25,0,15462,1433141,945133,3,1
81,45,128842,659,20,0,37538,931312,360579,0,1
82,32,72628,815,21,3,10764,1201650,642453,5,1
83,56,136032,757,29,3,2075,1228991,710896,2,1
84,39,89151,845,10,0,4716,1120016,826665,3,1
85,31,90737,722,7,1,20245,2779947,390013,2,1
86,42,71909,552,29,2,6606,137881,359057,3,1
87,37,121800,772,35,2,25108,182821,999255,1,1
88,24,101405,898,9,1,31223,2550168,240612,5,1
89,42,39310,596,12,0,17217,2628261,96489,3,0
90,55,141560,667,30,0,7952,2904993,836084,3,1
91,48,79027,552,23,2,18006,2267003,332055,3,1
92,24,71038,785,10,3,21964,1588722,572187,5,1
93,58,91113,802,1,3,14228,1928634,128803,0,1
94,49,122775,723,28,0,21061,2465034,63282,0,1
95,26,20606,583,17,1,10066,2728025,380108,3,1
96,35,72022,733,19,3,32357,2905313,773251,4,0
97,36,61152,776,0,2,27110,2009224,935281,1,1
98,53,103121,601,20,0,12778,1922141,893301,2,1
99,46,75395,754,22,2,6034,997042,309614,5,1
100,34,132827,799,7,3,12849,94302,902031,2,1
101,56,20617,653,0,2,4624,2741360,296004,5,0
102,57,45411,667,22,0,14117,1609380,686415,5,1
103,52,40943,684,31,0,36186,2393862,408680,5,0
104,37,99786,872,7,1,8574,1373287,743658,0,1
105,25,133681,831,0,1,18965,1303287,622730,1,1
106,24,80036,792,9,2,14405,999548,750206,5,1
107,60,75084,877,8,0,12352,1939782,810620,4,1
108,34,100779,772,34,1,35899,2968412,667852,4,1
109,33,122334,633,5,1,19106,842606,534850,2,1
110,24,35680,647,6,0,14598,935260,783966,0,1
111,44,60724,660,1,1,19079,1986207,989429,4,0
112,24,89283,875,19,1,22590,814354,97410,2,1
113,57,98198,610,8,3,15757,167292,694400,5,0
114,44,47305,715,23,2,32490,1330231,898953,1,1
115,50,105462,694,1,2,30738,535623,334996,1,0
116,29,47100,897,29,2,33840,1952509,357955,4,0
117,35,98086,606,34,3,23597,1924198,887410,1,1
118,45,97111,747,29,0,9784,742238,559875,1,1
119,52,24007,731,14,1,1418,494188,686378,4,1
120,46,23923,642,15,0,24313,443688,646795,4,0
121,31,49365,852,32,0,5426,404875,340733,1,1
122,36,29201,713,1,1,27852,2907969,696587,2,0
123,55,26090,834,26,3,6133,641779,856666,3,1
124,59,63635,607,29,3,7982,275516,166557,0,1
125,31,135629,754,22,0,15240,2912325,837915,0,1
126,54,39175,623,8,3,22575,1053411,716588,5,0
127,59,131380,880,31,0,39106,2063789,917554,2,1
128,26,138966,834,18,2,15035,1931225,990017,3,1
129,22,45880,679,4,0,38652,1439258,811644,5,0
130,53,95170,624,12,1,9749,962103,355232,2,1
131,55,52620,802,34,1,17247,1349725,86172,2,1
132,27,120001,727,1,3,21845,1205292,149304,5,0
133,53,82601,868,8,2,22275,1672451,771965,3,1
134,29,135567,871,35,0,4038,492644,608162,2,1
135,40,113509,787,26,3,5366,1023569,303904,4,1
136,55,120966,665,7,3,4434,1860619,467192,1,1
137,54,111916,643,1,0,32160,452230,34331,4,0
138,48,123337,756,18,2,35710,1193057,282161,3,1
139,46,117873,840,35,2,39031,1548063,634699,2,1
140,52,64585,895,35,1,22461,640263,880233,1,1
141,52,28327,614,35,2,12012,1855473,869763,5,0
142,60,42168,848,26,0,26649,404883,707373,5,1
143,37,36236,729,17,2,24509,1591160,699357,1,0
144,27,130934,751,9,3,30546,1636998,843522,2,1
145,30,59618,753,32,1,24439,1208704,738576,4,1
146,56,137198,824,10,1,26527,1334627,12473,3,1
147,49,59794,630,14,0,29375,2127632,500620,0,1
148,22,55896,777,23,2,37270,1315735,887001,5,1
149,34,93899,626,26,1,16310,2538332,624707,3,1
150,33,20767,857,1,0,24707,892401,420480,3,0
151,59,99341,680,21,2,16249,2153254,976409,4,0
152,49,44079,558,6,3,16471,474676,230671,4,0
153,56,77973,709,30,1,36472,2844441,946464,5,1
154,39,82244,692,8,2,4734,1559637,309753,0,1
155,52,56196,643,14,1,64,2531802,109673,0,1
156,58,15026,581,11,0,32770,778719,864795,5,0
157,59,34805,550,22,0,5561,2476562,655140,0,0
158,58,128941,601,17,1,8290,71562,530107,2,1
159,47,99480,610,22,2,23079,2526163,605816,5,0
160,58,143110,869,2,0,8823,2907956,167807,4,1
161,29,31630,742,0,3,12029,548782,39155,1,0
162,27,27007,590,24,3,36537,100749,724880,0,0
163,46,131861,625,6,0,960,2305880,149991,0,1
164,25,29680,859,30,3,12343,249605,828186,5,1
165,28,41192,894,27,3,34772,1836657,447524,2,1
166,56,122057,671,14,3,7688,1959236,249695,0,1
167,36,107062,598,26,3,22132,865009,682839,2,1
168,50,36539,585,28,3,23589,1094900,98462,3,0
169,37,106886,855,21,3,8491,572180,566429,3,1
170,37,98844,808,16,3,13237,1631208,228938,4,1
171,29,49121,880,23,1,17117,1095216,185312,1,1
172,33,57656,672,35,1,39848,453083,444986,1,1
173,26,131848,558,27,0,1566,1068917,103612,0,1
174,27,149573,784,29,0,5426,1935821,584261,2,1
175,51,68469,582,3,3,36868,1009862,244027,5,0
176,45,113106,843,35,2,24508,875815,987360,2,1
177,37,24341,820,22,0,33564,203294,256721,5,0
178,48,42949,737,32,1,39443,472982,665124,2,1
179,60,97134,755,10,0,36540,1749171,800750,4,1
180,35,103182,773,18,1,33410,852343,746903,4,1
181,47,148602,590,32,2,27352,1199564,477810,5,0
182,32,89699,830,26,1,27181,1294112,365679,1,1
183,51,93609,571,19,2,33100,766504,297329,2,1
184,31,22300,552,2,0,15386,362035,115385,1,0
185,49,75969,788,4,3,14443,2760425,354324,5,1
186,48,148590,790,18,3,10576,778297,558547,3,1
187,30,61299,818,24,2,20410,2908655,305206,2,1
188,51,49691,602,8,0,16842,1585578,521485,2,1
189,51,59910,800,2,3,3086,1316825,917503,4,1
190,40,126638,829,35,1,34104,2565175,821740,1,1
191,40,87438,727,30,0,37854,2043352,132085,0,1
192,51,101298,580,16,3,12838,1355990,642564,0,1
193,48,83484,802,24,2,25190,1654095,86742,0,1
194,46,33503,788,13,3,16172,2092383,151860,5,0
195,47,48843,839,24,1,23655,158032,573533,0,1
196,26,98037,837,35,3,5665,2951786,876220,3,1
197,37,94004,648,20,2,11213,2653625,842454,3,1
198,45,24166,757,12,1,35005,378375,760533,1,1
199,26,93221,858,0,0,33407,2904813,507576,4,0
200,31,122710,830,25,0,4204,2589565,641723,3,1
201,46,16425,768,17,1,17053,157311,814167,1,1
202,42,134438,551,16,3,1578,1521550,393368,1,1
203,50,18818,587,33,3,6792,2377025,230014,1,0
204,32,97152,889,11,2,14229,1390931,796456,4,1
205,57,78569,778,0,1,36526,877058,298713,4,1
206,43,112264,766,13,0,36652,181019,919975,1,1
207,26,56163,640,33,2,37660,2059325,598182,4,0
208,41,138319,591,30,0,33751,551060,125397,3,1
209,53,74209,757,17,0,677,452602,781469,0,1
210,36,94255,692,25,2,14883,2895955,105811,1,1
211,28,118958,561,1,2,29511,1023354,928058,2,0
212,48,78069,667,26,0,11532,2122049,52317,5,0
213,57,136286,620,12,0,25425,161421,791247,1,1
214,58,86830,767,23,1,15433,1848603,609006,1,1
215,47,80765,809,21,1,30249,974658,32498,2,1
216,31,101419,648,14,1,1466,2997431,609118,5,1
217,57,70151,604,27,0,31391,475563,743353,0,1
218,22,32743,652,13,3,17554,1293588,808754,2,0
219,36,16598,627,31,2,284,1386986,41107,5,0
220,56,125198,833,19,1,36454,1379857,885550,0,1
221,34,126937,757,4,1,4540,1316470,442135,3,1
222,50,139077,777,14,3,6926,623219,829784,3,1
223,46,42798,661,26,3,14606,2545032,367213,4,0
224,57,139567,650,10,3,28608,190768,542792,5,0
225,40,142049,569,16,0,33307,935848,403931,2,1
226,36,62059,555,32,0,8403,246619,464558,4,1
227,35,124472,812,0,1,14745,2608001,314549,3,1
228,56,129960,691,31,3,11791,1558756,219386,3,1
229,22,107769,563,14,0,2674,302422,790327,4,1
230,51,41797,556,29,3,17412,2380291,502265,0,0
231,54,110939,660,23,3,9706,515490,340299,3,1
232,55,80475,634,16,3,22277,1392367,368790,5,0
233,42,92917,805,26,3,25380,1211298,275551,5,1
234,31,27111,643,11,0,38768,1627607,384935,2,0
235,55,130275,622,6,2,31432,390775,361175,3,1
236,33,49935,579,24,3,3581,740318,344965,3,1
237,41,134411,669,4,0,10686,1279150,985488,4,1
238,35,65265,782,21,1,34619,1913572,928611,4,1
239,24,131649,611,11,3,28378,1769609,367528,1,1
240,32,52921,722,35,0,2469,1786366,624804,0,1
241,37,42857,746,19,2,17837,1087862,831857,0,1
242,59,125096,654,17,3,14261,1795079,456630,1,1
243,42,48730,607,19,1,2911,1569650,610773,3,1
244,35,104246,815,10,1,1280,170095,342573,5,1
245,27,79356,856,25,0,15107,2717039,991793,5,1
246,54,75633,649,23,0,38710,2650951,873393,5,0
247,55,55230,772,9,1,9511,1507516,916642,3,1
248,33,59392,823,18,2,32564,1063243,739182,3,1
249,21,44245,723,16,2,3046,1647578,189728,4,1
250,46,145457,793,25,3,18707,1420711,69206,5,0
251,49,104662,754,8,0,19575,117112,507796,4,1
252,36,147124,553,16,3,18207,936067,179317,0,1
253,36,91236,865,31,2,10320,962566,315951,3,1
254,53,110588,803,34,3,30152,2852965,337342,0,1
255,31,94034,873,10,1,32104,1697400,517828,4,1
256,50,54049,664,30,2,16984,73410,461972,1,1
257,45,28931,746,29,1,17376,1395791,530171,0,1
258,43,121986,709,12,0,10212,945269,329529,5,1
259,41,78128,757,2,3,17822,1479119,675971,4,1
260,50,68950,739,13,1,10713,2610798,418336,2,1
261,29,123838,850,14,0,14681,2818099,699159,3,1
262,59,61748,841,14,0,29852,1842306,871438,2,1
263,53,80579,647,8,3,15021,1506649,558372,1,1
264,47,46318,838,21,0,6472,1714235,79264,0,1
265,47,149045,674,31,0,7832,2416692,943046,0,1
266,29,19141,657,26,3,5390,245245,27941,0,0
267,38,74744,845,29,0,10199,693209,674134,3,1
268,44,123465,704,25,1,4700,1308440,880649,0,1
269,36,41379,868,28,2,20768,614036,701713,0,1
270,34,115459,725,11,3,5520,911336,417961,5,1
271,37,34119,842,29,1,32180,552900,358066,0,1
272,37,85794,728,27,0,5241,1718772,263328,5,1
273,25,119637,870,14,1,27747,1342876,362199,4,1
274,40,60980,625,0,2,21679,1510043,953359,2,0
275,58,41512,570,5,3,11810,1394112,165896,5,1
276,30,41285,856,19,3,23435,2297410,408342,0,1
277,33,118765,606,34,0,25409,2465011,651340,2,1
278,31,53370,769,8,3,29692,116663,979132,4,1
279,26,120312,580,21,3,38070,937402,126739,5,0
280,24,125665,587,23,1,15452,2500557,511478,1,1
281,46,82414,782,9,1,5687,1750272,632195,2,1
282,55,21350,677,34,1,12905,2753129,734893,4,0
283,47,96491,644,32,0,1141,1240486,975508,4,1
284,56,146003,873,3,0,31954,132368,948748,4,1
285,40,89487,626,5,0,9993,2995827,805078,2,1
286,55,94516,572,18,0,12806,1088266,514492,2,1
287,29,43750,789,23,2,25753,1593037,569851,4,1
288,48,87362,646,9,3,3182,1017938,916954,1,1
289,39,108122,680,8,0,8221,2209691,344107,1,1
290,24,20609,660,17,3,6016,1781431,271238,0,0
291,43,36352,596,35,0,306,2858320,192417,2,0
292,24,118615,578,28,1,22876,146573,531504,1,1
293,55,149908,896,17,0,6809,2574810,845488,3,1
294,23,85747,656,14,0,15531,2077614,10030,4,0
295,23,38025,881,26,2,12936,1826276,972176,0,1
296,49,101099,711,33,2,37114,1679069,782219,0,1
297,22,119881,593,14,1,15996,337266,916074,2,1
298,60,140481,818,11,0,26127,1104921,956609,2,1
299,57,78792,618,17,1,2889,2924059,272179,0,1
300,38,48358,742,18,0,14351,1461803,242026,3,1
301,40,50007,638,19,2,28826,2401210,364462,5,0
302,35,108203,871,29,2,38405,1513156,430263,1,1
303,50,141083,877,18,0,4196,1046649,806652,4,1
304,30,104592,794,34,1,11732,2836846,46697,1,1
305,55,102212,673,22,2,20435,2151079,296030,1,1
306,36,66986,707,31,0,1130,1102813,846481,4,1
307,37,57868,626,32,0,26334,264108,441582,0,1
308,47,38421,717,13,3,36001,2501288,139533,5,0
309,47,71397,671,9,2,11711,783526,427685,1,1
310,42,83880,871,1,1,24536,2472330,875779,2,1
311,39,111495,642,28,1,19104,1496338,110756,1,1
312,53,62652,879,29,1,33774,2216028,542685,3,1
313,34,68521,796,0,1,885,2179322,519336,1,1
314,41,109768,780,8,3,13177,457466,428230,5,1
315,25,31784,665,1,2,2018,1670204,504594,1,0
316,45,27910,890,1,1,8435,2802918,395353,4,0
317,44,33492,821,18,0,37673,2462307,808741,5,0
318,24,91580,609,16,3,30472,1698044,864878,2,1
319,34,143299,646,31,1,18172,1660484,190125,2,1
320,36,94890,876,12,1,12220,1179711,862349,0,1
321,35,60823,783,24,1,37232,2533498,816597,2,1
322,45,50041,598,24,3,10160,1373118,616770,1,1
323,54,63795,726,31,1,38151,1546488,945994,5,1
324,35,129840,722,25,3,19026,2164201,432730,3,1
325,37,86505,604,26,2,10756,2556660,945684,3,1
326,33,117392,601,12,2,21217,2761299,418078,1,1
327,24,66792,612,20,2,31955,1038608,867487,4,0
328,42,112380,777,24,0,23715,2454398,189651,4,1
329,23,106049,820,33,0,3703,878416,37100,4,1
330,35,106453,562,14,0,31476,1089533,509630,5,0
331,42,86062,835,32,0,38260,1897415,560301,0,1
332,60,46399,859,14,3,30859,2081153,803974,2,1
333,29,30255,816,6,2,35841,754004,178017,3,1
334,38,18909,618,26,2,15103,2000924,105783,2,0
335,34,87619,860,9,3,22737,575422,247217,1,1
336,51,38782,722,13,2,15758,2144176,176527,0,0
337,37,100272,551,15,3,28835,1948660,797408,4,0
338,48,119771,760,29,3,37759,2828819,830725,3,1
339,27,104006,694,12,2,13781,2306956,538633,4,1
340,29,70060,841,25,0,12287,569578,19780,5,1
341,33,65680,773,1,3,8076,615193,767979,0,1
342,32,117849,813,7,1,21241,2477813,619217,0,1
343,57,135167,602,33,1,25686,109155,665632,5,1
344,26,75806,741,15,3,7373,2387363,619616,4,1
345,40,130862,888,3,3,34948,1110203,347760,4,1
346,26,113507,816,22,3,5101,195356,708204,5,1
347,33,55799,781,4,1,19512,428183,166013,4,1
348,58,142794,819,20,0,23166,542611,302865,2,1
349,58,117584,883,1,2,3262,1907253,380902,1,1
350,21,114239,758,18,1,16653,705731,914477,1,1
351,56,79901,767,17,3,26242,527538,242473,4,1
352,44,87845,715,27,2,18242,631293,206800,3,1
353,45,140475,565,11,3,34806,955813,810328,5,0
354,31,36039,802,4,2,17003,669829,72586,2,0
355,35,22497,576,33,2,22995,2257843,984892,2,0
356,45,118201,828,33,3,24722,1329608,747571,5,1
357,35,116897,647,14,1,773,2385420,604409,0,1
358,36,142108,682,17,3,26268,827378,793472,3,1
359,50,99489,778,24,1,37423,2334765,548501,4,1
360,38,73447,612,18,3,18492,965789,579138,2,1
361,28,16467,674,9,1,38481,2877124,767574,2,0
362,49,74308,633,9,1,3452,1064573,691938,2,1
363,25,77935,863,13,0,16888,261689,590059,3,1
364,26,116298,816,27,0,4773,355879,621633,0,1
365,46,25177,893,18,3,6193,1638739,693899,2,1
366,56,47530,687,13,3,19981,2454800,592526,5,0
367,55,30643,694,25,0,25374,283062,288802,2,0
368,44,138080,753,26,3,20843,2902176,417371,4,1
369,21,37435,678,3,0,532,199305,55335,3,0
370,25,57768,582,12,3,12591,953365,987549,1,1
371,23,139051,774,25,0,35206,1780089,275800,0,1
372,25,49349,553,11,0,28850,2320964,213571,0,0
373,39,141368,635,26,3,19825,681183,180223,3,1
374,32,45966,894,26,1,6851,318161,982719,4,1
375,30,68128,845,7,2,5092,114220,915233,0,1
376,24,97789,867,9,2,20825,2824790,151105,2,1
377,22,115126,811,3,2,1273,1636832,257603,0,1
378,57,149589,771,25,2,29919,1110262,675935,1,1
379,44,132668,794,7,3,5808,2806878,638144,0,1
380,35,71105,583,1,2,20084,426604,307281,1,0
381,51,27422,836,28,1,31818,1716212,42219,1,0
382,46,134070,763,34,1,20049,839123,349828,0,1
383,38,51757,861,34,3,26334,865304,79717,0,1
384,42,18058,867,7,1,30777,934804,604015,2,1
385,28,86020,771,3,2,15424,1408491,265201,4,1
386,40,116581,844,7,2,7505,2692449,779267,2,1
387,47,106813,637,10,0,1479,1509969,249979,5,1
388,30,133059,763,23,3,27664,329730,965856,1,1
389,31,77422,592,24,3,21610,2985888,208465,3,1
390,47,123123,579,1,1,16157,2730939,148557,2,1
391,33,116652,822,8,2,14741,2239556,486378,4,1
392,35,17972,791,2,0,21909,2429927,173117,1,0
393,47,25934,765,9,3,33352,2911630,805940,3,0
394,30,127595,874,1,0,37137,2411169,363238,2,1
395,34,77935,769,27,2,32018,1170281,762918,2,1
396,26,80043,696,31,2,38299,2697600,643558,2,1
397,60,109907,568,16,0,36052,1672603,705336,4,0
398,44,121999,638,35,3,6643,2819348,338640,3,1
399,42,31632,802,17,0,22927,2835698,933001,1,0
400,31,20044,816,33,1,13981,1320111,732227,4,1
401,43,34037,843,3,2,31098,478178,144650,0,1
402,22,148316,588,30,3,10171,2779268,940299,5,1
403,59,46773,663,15,3,23442,1113573,785991,5,0
404,34,76080,725,18,0,39386,1838368,575759,3,1
405,60,97842,816,34,0,9389,940667,638685,2,1
406,45,122468,836,0,3,31842,2655008,604180,1,1
407,21,116873,865,33,3,19494,2330595,797834,0,1
408,33,35668,759,20,0,1851,1868880,979778,0,1
409,58,33831,597,0,0,34397,599606,755938,1,0
410,43,149132,713,4,3,21868,2997320,909409,2,1
411,31,27518,686,31,1,7613,2459906,61028,1,0
412,54,133532,899,20,2,2024,2593085,548539,1,1
413,33,121596,671,32,0,10824,1785281,360289,5,1
414,38,66952,714,24,3,30064,372619,732690,5,1
415,32,94095,770,31,1,6700,2523712,187738,5,1
416,22,135415,739,6,3,5107,1770855,160198,4,1
417,56,124311,830,20,2,10785,918787,354041,1,1
418,53,125009,823,21,1,1590,1536685,181382,3,1
419,49,108234,853,5,1,6540,2869998,244699,4,1
420,22,104446,583,5,0,23919,1140828,592157,2,1
421,42,139983,638,28,0,31119,202096,311646,3,1
422,56,61766,790,14,3,33520,640931,474810,3,1
423,42,139784,828,12,2,25387,1718143,946957,2,1
424,37,114087,612,25,2,26291,878207,209597,0,1
425,35,115317,874,23,3,38368,292098,497122,2,1
426,37,76013,579,26,0,14321,1868962,668955,0,1
427,39,148283,713,0,2,33972,1412988,493608,2,1
428,40,74808,859,9,2,9571,2189327,287049,3,1
429,38,136585,615,16,3,4486,613845,96140,4,0
430,57,85178,690,13,3,8730,1995470,211438,2,1
431,59,54704,714,18,2,13433,2829405,652661,5,1
432,26,105335,710,34,3,20054,1350829,239900,0,1
433,38,27422,747,2,2,10610,1851796,461709,4,0
434,53,129350,807,27,2,26890,1480309,602752,3,1
435,59,116971,846,19,2,8881,2818345,654238,4,1
436,53,67203,806,28,2,25738,2755025,466721,5,0
437,25,25770,831,7,0,20826,2793380,10777,4,0
438,22,87783,841,22,2,210,1543950,835815,2,1
439,29,113369,721,31,1,34656,455435,255458,1,1
440,30,100273,794,32,2,12518,403230,31808,1,1
441,51,29888,659,20,0,13569,444205,707707,3,1
442,55,74706,771,5,3,3026,1589864,578090,3,1
443,26,36515,716,0,1,11856,2132851,940635,2,1
444,59,68580,885,21,2,21832,359526,204619,4,1
445,25,43537,734,34,2,34182,1349391,80608,2,1
446,44,83676,680,6,0,26892,2871039,621935,5,0
447,34,109909,569,7,0,28307,1210392,905587,2,1
448,49,109541,673,32,0,10250,557500,526695,1,1
449,27,128023,758,9,3,10001,2059559,487423,1,1
450,22,29855,697,9,1,29114,2235701,778773,0,0
451,30,126619,830,25,2,18066,527193,988399,2,1
452,46,97858,889,0,0,14574,2027297,238540,0,1
453,55,67958,551,31,1,38151,2291434,875761,5,1
454,51,62250,785,11,0,29635,2934897,947983,0,1
455,49,110509,613,20,0,20988,475213,909331,5,0
456,38,16205,569,3,0,17548,2911927,656230,1,0
457,48,48594,825,18,0,9510,2955855,330221,3,1
458,36,103496,591,14,1,737,1346505,754306,2,1
459,25,55011,724,24,2,18701,2587814,661318,3,1
460,32,50736,756,14,3,29633,1322405,181625,0,1
461,22,22617,832,7,3,31029,1263141,530202,2,0
462,44,61689,640,35,2,4855,784728,61616,1,1
463,57,123826,600,5,2,5803,824435,360456,0,1
464,42,107822,766,12,2,30418,1759822,443447,0,1
465,22,127618,623,30,3,27764,2844061,672259,4,0
466,30,84532,783,1,3,18332,1267885,145835,1,1
467,40,83099,657,27,3,25485,2671287,830387,3,1
468,46,127411,673,2,3,16209,1467490,221500,3,1
469,33,26646,785,7,0,14872,2306590,306340,0,1
470,53,104972,865,6,2,2660,840913,293269,3,1
471,37,56312,556,35,1,8632,996071,857845,4,1
472,23,122589,882,20,3,36765,1367065,972499,4,1
473,47,101537,704,26,0,11442,693298,882029,3,1
474,36,119824,758,22,0,4874,2430032,448012,4,1
475,23,55080,804,35,0,28179,2293272,690900,0,1
476,33,21737,752,27,3,15606,2087873,923880,3,0
477,56,31645,845,14,0,13977,2123739,959879,1,1
478,24,109175,766,9,0,33573,2614806,886145,3,1
479,38,37713,667,34,0,3693,2180991,179282,4,0
480,40,114421,662,8,1,33915,2134949,217375,2,1
481,60,129259,659,34,2,28261,1583201,647902,0,1
482,37,60759,584,28,0,4979,2289632,710740,0,1
483,23,75904,734,7,2,7230,68444,99800,4,1
484,29,144209,734,1,1,26060,907751,535057,4,1
485,40,92172,843,16,3,3340,2528699,638021,4,1
486,41,141679,776,32,2,26256,272595,904020,1,1
487,33,49009,839,29,3,7389,2268826,233853,1,1
488,47,32382,789,9,3,36411,59420,18189,5,0
489,51,72022,754,17,0,37997,2468486,831404,1,1
490,29,114020,593,7,3,3279,2020937,734135,3,1
491,34,23253,867,30,0,39641,1157424,282754,0,0
492,42,58597,563,30,2,14827,1046455,712441,0,1
493,54,31980,739,9,3,38951,2153930,839851,1,0
494,44,50693,787,26,3,24856,338852,659416,0,1
495,22,16298,828,10,3,9470,2379895,233919,5,0
496,52,145023,704,32,3,11709,588242,844093,1,1
497,59,50207,758,32,2,13088,2082309,625953,3,1
498,40,44227,591,19,0,22342,2571557,105157,5,0
499,26,22011,676,12,3,13588,2823600,830159,5,0
500,53,24117,734,1,1,27765,217881,789449,2,1
501,34,42146,697,12,3,38172,1285794,377807,4,0
502,30,113111,890,2,0,1019,179596,228752,0,1
503,24,143926,642,28,0,8486,1324099,904742,2,1
504,36,39819,758,16,0,13488,826992,875551,5,1
505,24,51530,836,34,0,31827,2650060,910452,1,1
506,29,85760,557,23,1,17576,1261217,453402,3,1
507,36,25623,876,27,2,21450,530894,591197,2,1
508,42,78687,560,4,0,31573,459358,569664,1,1
509,40,98561,855,20,3,37357,1012691,70211,3,1
510,50,126224,842,34,0,24059,728409,898398,3,1
511,59,86769,852,12,1,12515,2579360,220791,3,1
512,22,106226,841,35,0,35658,468962,749464,2,1
513,23,54605,716,30,1,2970,1984345,549594,1,1
514,43,91228,598,10,0,8017,1685102,238142,3,1
515,47,40726,595,18,1,150,2224950,92421,2,1
516,29,58222,643,28,2,4337,2763722,554446,1,1
517,59,19508,877,17,3,27503,592120,981909,2,1
518,30,132907,604,28,3,14915,217255,882476,5,1
519,40,89268,874,5,0,19961,2780947,692397,5,1
520,36,73725,871,11,0,37823,205041,956276,2,1
521,21,87602,752,8,2,8656,830088,461839,2,1
522,51,67373,800,23,1,23614,1691304,876382,2,1
523,39,107547,557,16,0,28397,2389962,14077,2,0
524,47,142540,624,5,2,13643,2562743,486839,1,1
525,35,50515,742,22,3,37700,1095837,263460,4,1
526,40,99617,623,24,3,24318,951004,976203,2,1
527,60,137552,571,12,2,5702,2666921,92246,2,1
528,29,93295,849,21,2,9658,354572,356928,0,1
529,26,89678,670,28,1,1982,163974,737985,1,1
530,50,122830,677,22,1,30278,2706896,282530,1,1
531,35,30714,703,32,0,4985,1423672,51465,4,0
532,27,100463,600,28,1,29608,2314805,575565,4,1
533,32,67152,642,26,1,31266,1432828,869819,5,1
534,24,145867,750,4,1,27225,457967,334459,2,1
535,44,68528,853,28,1,15835,2259796,518180,4,1
536,49,116707,742,12,1,26654,2786044,649321,2,1
537,47,61917,660,33,2,2242,820666,583180,0,1
538,47,124418,758,3,1,15574,1846033,941670,4,1
539,35,130979,694,34,2,17423,1372154,261519,4,0
540,21,44052,700,7,3,20787,2697062,648412,2,1
541,33,112654,748,34,2,19715,876168,48469,5,0
542,41,109994,852,6,0,14404,766894,45852,0,1
543,35,69129,832,33,1,17898,677914,424856,3,1
544,59,147156,849,25,2,16568,859895,462423,0,1
545,56,61804,610,1,0,36785,2005679,357974,1,0
546,44,78093,899,23,3,38362,222846,527186,0,1
547,59,23225,751,22,1,19557,2004819,193190,3,1
548,45,98359,799,28,0,11632,108216,708413,4,1
549,37,124682,623,11,1,7686,1396034,447202,5,1
550,29,35807,893,27,2,23319,1579842,758937,5,0
551,36,95319,691,20,1,31384,1349833,842842,2,1
552,58,149051,864,35,0,36550,1537465,810568,2,1
553,26,149192,799,13,0,6978,2287478,486023,1,1
554,46,62230,790,7,2,31329,1625556,926004,3,1
555,49,126101,708,13,0,25819,1605769,245933,0,1
556,23,143475,868,6,3,422,2916445,464858,4,1
557,51,74453,555,22,1,11385,2659902,643898,5,1
558,46,62447,810,35,0,11636,2111374,94011,3,1
559,47,88268,617,5,3,9235,607779,497603,0,1
560,26,82952,599,15,1,12095,2088486,332927,4,1
561,57,56347,841,15,2,8315,1402000,926718,2,1
562,31,39941,552,14,3,22769,1255995,146820,4,0
563,49,45076,807,9,3,26281,119217,832016,3,1
564,45,90547,694,0,2,33794,1041432,698104,4,0
565,29,38488,595,24,1,26116,2789467,707037,4,0
566,56,90103,592,2,2,4222,889326,107984,0,1
567,44,64772,637,28,2,23148,1979418,44876,4,0
568,40,90325,705,6,0,32626,2746019,892565,4,1
569,39,58108,676,31,3,5321,2287593,507272,1,1
570,39,27265,716,29,3,710,2606759,111015,0,1
571,23,84158,831,7,1,9007,664677,448614,5,1
572,42,118759,898,25,1,6674,191174,765755,0,1
573,57,130482,565,8,0,3770,651959,553845,5,1
574,41,74699,585,11,2,35674,2585981,483404,4,0
575,49,62736,736,19,3,31932,2750135,868630,4,0
576,25,133741,735,12,0,38364,2985271,108276,5,1
577,47,94603,562,12,0,39805,2410412,360518,0,1
578,57,95401,645,11,2,17265,2585714,172591,2,1
579,35,94932,731,3,1,33958,1929657,674318,3,1
580,29,120230,666,9,1,2802,514783,266898,1,1
581,57,148631,682,23,2,24927,2376031,244938,3,1
582,35,127654,734,18,0,13178,2082231,753898,2,1
583,38,113815,625,6,0,21462,2832776,784320,2,1
584,32,55197,637,28,0,24115,2048990,833889,2,1
585,28,62058,888,29,0,5945,319285,984945,4,1
586,24,126042,558,7,0,20334,1249278,136923,5,0
587,24,132963,685,31,1,28095,1807124,618321,3,1
588,30,107317,869,16,2,8537,1433480,901278,1,1
589,27,19154,894,16,2,13789,2977519,231299,0,1
590,50,90932,893,25,1,27039,2255472,877546,1,1
591,28,146746,799,20,2,35714,120870,123752,2,1
592,25,135043,612,31,3,16668,2582931,82344,1,0
593,30,39131,695,22,3,39672,291140,345037,1,0
594,49,71279,714,33,1,28245,1725858,928252,5,1
595,43,110280,894,6,1,25012,2938462,970769,0,1
596,50,60875,774,1,3,36118,2931163,221935,1,0
597,54,94940,784,6,3,18071,2881442,142097,3,1
598,36,128374,762,29,0,18683,1778643,584875,3,1
599,52,118012,612,7,3,9010,157598,70360,4,0
600,38,72338,684,14,0,25145,2537520,871780,0,1
601,32,126968,681,34,3,16285,1170197,231967,0,1
602,40,143768,832,1,1,37649,370800,526002,4,1
603,48,147343,551,32,3,27386,519007,652564,4,0
604,57,124669,685,19,0,20547,1773281,916346,5,0
605,36,108059,797,34,0,37142,266106,924274,1,1
606,26,78848,865,35,1,6876,1324555,126945,5,1
607,31,91794,659,1,3,11254,854926,207796,4,0
608,26,40713,861,10,1,27683,2881628,468710,3,1
609,58,61961,679,19,3,585,1709613,323702,3,1
610,40,72356,673,13,3,29647,464685,974090,0,1
611,31,109256,705,3,3,2157,2447477,955903,0,1
612,32,18466,809,29,2,22716,1177724,553799,3,0
613,47,141245,828,1,1,30816,1026857,467507,0,1
614,48,46435,778,22,1,34982,2488666,519704,1,1
615,55,122862,623,0,0,393,1085006,662993,4,0
616,22,78522,727,8,2,18214,1855151,454440,0,1
617,24,120707,733,8,2,15136,2683932,540331,3,1
618,41,48456,736,24,1,25432,69333,190911,4,1
619,44,66847,750,9,2,19293,2430023,149821,0,1
620,33,17746,820,30,0,947,635392,509947,1,1
621,39,96319,608,31,2,23695,374189,209160,0,1
622,55,99599,624,8,2,135,1118127,234927,1,1
623,27,81255,707,2,2,23236,60430,245156,5,1
624,50,64623,865,16,1,28056,2270399,865687,2,1
625,29,92320,836,16,2,36807,495112,497175,0,1
626,49,99363,693,13,3,23420,1346087,961558,1,1
627,60,123330,814,26,2,6608,2464802,973098,4,1
628,24,51103,640,5,3,2062,869857,918694,1,1
629,36,47001,685,2,1,11023,1883718,417230,2,1
630,53,55998,875,23,1,17229,2991616,229551,5,1
631,57,99217,562,34,1,22042,2348244,255524,5,1
632,47,103065,850,13,0,18758,810455,992760,4,1
633,52,136200,813,32,1,21996,2274206,898031,4,1
634,59,31581,721,35,0,33677,1820015,748658,5,0
635,51,21546,687,31,2,26539,2076940,468464,1,0
636,58,120039,632,16,2,7815,2705677,732075,5,1
637,27,131821,731,4,3,27279,928833,510698,2,1
638,23,70484,862,30,1,27991,2748811,533066,4,1
639,42,73653,559,0,0,13842,418858,922876,4,0
640,23,111057,731,35,3,7251,1990531,826959,2,1
641,28,142691,887,15,3,21452,2420480,588160,5,1
642,32,90544,784,14,2,28988,2731454,138995,4,1
643,53,75321,687,14,3,10687,698488,258823,5,1
644,26,58678,768,1,2,9148,2663716,968822,4,0
645,58,53139,752,10,2,28427,1516862,103453,5,1
646,26,139695,896,6,2,9074,1016331,397248,2,1
647,40,139439,730,10,0,23610,1890459,29723,0,1
648,29,131773,875,0,0,10446,226411,746213,2,1
649,39,94631,571,5,0,7656,242966,450910,2,1
650,56,106800,664,30,3,21911,1616653,402057,5,0
651,45,134451,847,8,2,20746,905346,203165,3,1
652,55,64391,610,17,3,32062,2055460,329556,4,0
653,56,146949,787,7,1,14963,417446,846072,1,1
654,48,96216,628,2,3,18774,1741220,285259,5,0
655,42,66241,659,23,1,8258,1984250,536345,1,1
656,29,32966,586,10,0,39091,1517396,323382,3,0
657,48,123108,563,29,2,8099,2349680,392299,1,1
658,51,122914,595,18,1,24498,2490696,684376,1,1
659,46,31622,722,5,3,12788,2382311,922420,5,0
660,48,88781,628,4,3,39323,2797066,112392,4,0
661,49,67433,828,11,0,18835,1306340,859555,3,1
662,43,98656,838,17,3,16019,2388898,909991,3,1
663,24,142311,630,23,2,25430,2722597,803375,0,1
664,52,86779,664,35,1,39497,1400792,911207,4,1
665,38,91232,846,16,0,17617,1122936,23449,3,1
666,55,27868,590,30,0,11595,785873,764855,1,1
667,45,59956,894,26,0,39481,1283705,468221,3,1
668,34,110060,746,35,1,11120,143981,591300,3,1
669,33,57927,643,24,0,11404,2190505,731988,1,1
670,43,49471,610,29,3,13584,836887,431719,1,1
671,30,101426,756,21,1,6434,298973,965918,4,1
672,34,76869,848,28,3,37502,587814,610207,5,1
673,55,16748,643,11,3,33285,1384610,817688,1,0
674,32,85558,600,22,1,34255,2884310,444448,2,1
675,48,124778,553,0,0,26211,1767446,43460,2,0
676,32,132826,647,11,0,39569,2434725,405652,3,1
677,50,85352,756,24,1,16666,466222,929528,1,1
678,34,122679,893,7,3,39764,1431134,672012,1,1
679,55,131586,873,26,3,12027,2228361,330844,2,1
680,60,50384,760,4,0,13519,2401188,389167,4,1
681,44,101947,815,1,3,33968,2502819,365199,4,0
682,45,113902,831,8,0,11112,1199957,342613,5,1
683,59,128808,704,8,0,7963,1037482,975017,1,1
684,28,126985,717,1,1,24813,394593,757861,0,1
685,59,42569,620,3,3,1116,2084229,644747,1,1
686,46,62077,780,5,3,38721,1883734,359006,3,1
687,50,31512,676,23,0,22984,2001826,498490,2,0
688,23,21262,798,17,1,31563,360705,65939,1,1
689,25,30907,600,22,2,6123,2968186,497785,5,0
690,54,30034,737,2,1,8334,626226,844737,4,1
691,39,100317,584,1,0,31632,2005786,272087,3,0
692,46,90642,647,11,2,9808,1852558,31267,3,1
693,45,94259,628,27,1,38004,1653257,758222,1,1
694,23,104818,612,28,2,30275,1132146,294181,5,0
695,33,138148,838,31,0,7719,1213396,800239,1,1
696,30,148449,602,29,0,14250,1248869,171410,1,1
697,46,65501,818,7,2,5341,1166987,766266,4,1
698,48,32766,573,18,3,20070,2093641,653313,4,0
699,41,21337,608,31,0,25517,1463016,424053,5,0
700,41,58082,703,11,1,5269,2327690,810802,2,1
701,30,33537,645,25,3,17852,1930357,302355,4,0
702,29,63860,617,29,3,32822,1652503,148866,2,1
703,40,140232,704,8,2,33623,2657070,313446,1,1
704,28,53784,691,32,1,20212,2326504,450367,1,1
705,36,34217,848,20,2,15292,621090,329827,5,0
706,23,61339,693,24,0,30170,1462826,507392,2,1
707,56,68019,844,30,3,11511,272107,867475,3,1
708,32,82931,644,7,3,23496,2792045,597656,2,1
709,49,44070,837,4,2,11752,316115,861509,5,1
710,45,123990,816,32,1,21802,2836497,841648,5,1
711,23,32581,557,8,2,3035,1902540,763153,5,0
712,56,114372,792,0,0,23306,2000672,699053,0,1
713,32,35888,821,0,3,19151,410354,357820,2,0
714,22,71460,681,34,3,35746,811116,694363,3,1
715,52,67592,828,27,2,30692,1365623,511719,4,1
716,51,97226,788,21,1,11032,2090455,305105,3,1
717,54,146192,563,8,2,9500,1047844,978083,5,1
718,35,147839,637,25,2,24599,429445,709479,5,0
719,49,47410,568,23,0,38216,1424600,564716,0,1
720,23,60034,670,35,1,9194,2591045,775060,1,1
721,37,97242,562,8,0,23683,2368104,360237,3,1
722,58,99877,772,23,3,18190,366022,344653,0,1
723,47,97530,799,11,0,17385,645996,445201,4,1
724,43,74646,723,16,0,3820,2448878,561833,3,1
725,52,63861,718,33,0,35179,1584975,991324,1,1
726,48,64442,745,11,1,12322,2666496,951199,3,1
727,46,30055,743,16,1,18219,382905,934046,2,1
728,54,41577,619,34,3,21932,2600904,41860,1,0
729,39,126385,718,25,2,38861,670767,96457,5,0
730,56,127198,707,19,3,23462,1997530,277144,1,1
731,24,78551,643,7,1,9736,938389,201506,5,1
732,24,20847,846,32,1,6274,2918224,961350,3,1
733,45,113033,576,6,1,9549,1766152,839424,1,1
734,54,134931,762,31,0,11242,798554,416931,3,1
735,42,130601,643,3,2,5348,2648906,730816,1,1
736,49,31448,737,15,2,29788,588825,279973,2,1
737,23,126119,577,3,2,33321,1202770,760889,5,0
738,29,112573,676,20,3,11418,1945240,253481,1,1
739,48,29926,652,18,1,29652,1388726,221036,5,0
740,46,124808,681,33,1,7212,1297588,297192,5,1
741,38,41195,864,12,0,35554,2198932,201634,3,1
742,51,105240,607,9,2,20331,2111760,686821,1,1
743,60,81163,786,12,0,16914,2793236,49335,0,1
744,31,141925,747,20,3,19349,2288450,847747,4,1
745,33,64906,606,23,0,24538,282051,299661,2,1
746,48,144808,639,21,0,6210,1694282,214430,0,1
747,39,100208,561,19,2,18291,2022897,452094,3,1
748,22,121599,631,10,3,30067,1207944,315512,0,1
749,59,115420,643,20,3,31381,1776347,562688,0,1
750,39,66649,584,20,1,13419,520566,769251,4,1
751,30,27885,565,32,2,24747,1130696,151534,0,0
752,22,114282,587,23,1,18155,1611400,315532,5,1
753,53,99611,696,4,0,3949,163773,561883,1,1
754,26,107352,649,14,2,28202,2760043,837441,4,0
755,53,18458,815,15,1,18592,2003756,718973,0,1
756,27,65556,694,27,3,9542,2624821,777696,4,0
757,41,97334,865,4,2,23056,2560230,872442,0,1
758,40,54259,593,27,2,32920,144023,270485,1,1
759,43,145641,769,27,3,19444,2068869,836936,2,1
760,32,31585,661,5,0,9673,2312333,892435,0,0
761,34,60403,768,28,0,38826,1774030,783736,5,1
762,44,145950,852,21,1,14341,702903,881525,1,1
763,39,87645,897,34,0,11411,2689893,282534,3,1
764,24,83590,741,20,3,13951,2200205,192620,5,1
765,22,35117,670,13,3,36972,2855704,575053,0,0
766,25,75715,794,6,1,5095,1925783,480734,2,1
767,34,28114,862,19,0,37984,757885,515740,1,1
768,60,113717,613,22,2,12513,1501999,546890,5,1
769,37,112694,793,24,0,32444,1263263,36052,2,1
770,55,41238,822,28,3,14141,1621229,501369,0,1
771,60,56401,723,32,3,21071,2939760,798777,1,1
772,58,81751,869,20,3,16125,51881,309219,3,1
773,45,68338,681,16,0,30146,768330,153659,1,1
774,49,34645,740,23,1,31442,2798193,489897,4,0
775,54,83510,884,2,1,9318,2649361,566737,5,1
776,60,39740,604,26,0,13153,1672584,229787,1,0
777,46,105634,871,3,2,20783,350982,58672,1,1
778,54,59888,561,30,1,30337,1964448,926408,2,1
779,57,47382,718,9,2,22497,623690,809933,1,1
780,49,45770,651,15,3,31076,2252185,165536,5,0
781,40,75179,615,33,1,631,2968504,48599,3,1
782,32,72768,552,17,1,28820,1681743,600444,0,1
783,26,21571,713,4,0,21355,2726540,529824,1,0
784,55,27910,738,30,1,7137,1571452,261226,0,1
785,25,38998,816,4,2,29448,314077,222733,0,1
786,59,16467,792,23,3,20847,693105,403249,3,0
787,54,59253,765,14,3,9871,2141739,927181,3,1
788,35,34019,758,15,2,31080,1219685,546667,5,0
789,40,124100,740,17,1,18392,190566,993747,0,1
790,23,54788,801,28,1,12851,1641062,139513,0,1
791,45,55737,688,28,3,28035,1337327,73372,4,0
792,27,125783,639,34,2,30801,1338488,914330,3,1
793,49,99782,565,27,1,13669,1558267,586060,5,1
794,52,59220,832,6,0,18173,2260729,978492,0,1
795,34,131667,686,10,1,34148,1467858,581094,1,1
796,49,47064,734,21,3,22943,1728650,396468,4,1
797,33,80533,878,27,2,8080,2825703,700333,5,1
798,31,77114,887,14,0,16218,2283321,514324,2,1
799,56,62698,734,1,3,21133,2037486,185853,3,1
800,36,92160,650,29,1,20776,1856996,131814,4,1
801,22,107051,687,13,1,1705,383252,644780,1,1
802,44,28190,891,24,2,3621,616586,391899,4,1
803,53,128997,689,26,0,23255,874588,605381,3,1
804,26,88605,750,35,1,25938,680807,153566,5,1
805,28,146465,821,0,0,30021,1920585,259421,0,1
806,43,70406,656,25,0,8463,255188,84991,4,0
807,45,28376,733,0,3,37237,2453658,49876,2,0
808,53,110304,883,7,3,13781,72109,555061,1,1
809,46,89507,722,32,3,21877,1748934,988184,3,1
810,33,142685,871,6,2,19052,1916442,47919,0,1
811,50,134635,813,29,1,29546,2691252,302682,4,1
812,40,76819,604,35,3,38592,2621267,992553,5,0
813,39,30952,557,6,3,16054,2885902,221669,3,0
814,26,128673,560,28,3,35086,2237068,186050,4,0
815,23,69845,632,19,1,6165,1493810,722647,2,1
816,34,121572,628,3,2,3783,2940906,555738,5,1
817,41,148294,852,32,0,14069,2003303,980724,4,1
818,52,73830,721,19,2,13493,586848,738535,1,1
819,42,141223,893,33,0,2206,2341260,53052,2,1
820,39,78706,770,24,2,6150,1328993,880390,3,1
821,54,52420,736,33,0,39256,321234,645974,3,1
822,47,35205,823,34,0,6361,2237741,49047,1,0
823,26,34059,778,14,3,11048,2152388,87409,1,0
824,49,56639,669,28,1,10659,945373,424266,5,1
825,28,61497,672,29,3,24873,1551945,377511,3,1
826,49,135401,557,10,0,24679,906154,215966,0,1
827,33,123908,770,27,3,1692,1135669,279095,0,1
828,57,37232,813,19,3,35069,1863804,987468,2,0
829,50,133252,688,30,3,11654,2896458,969211,3,1
830,22,103760,779,23,3,30494,2683653,646547,1,1
831,29,104602,808,6,1,35435,1518563,790884,2,1
832,56,135834,769,23,0,39430,1669643,607052,5,1
833,39,31512,682,23,3,31338,2866257,948957,2,0
834,24,78989,881,5,3,14460,1690639,602026,0,1
835,27,45164,686,32,1,36435,498030,540598,2,1
836,27,94575,798,33,1,25241,112895,231261,2,1
837,23,50110,900,13,3,18842,2853931,249206,5,0
838,59,48115,665,1,1,23597,1113424,264411,1,1
839,42,78122,806,3,2,25645,2507240,339195,1,1
840,34,47105,603,34,2,21033,1788347,878308,0,1
841,56,89049,786,2,3,8454,236155,111655,2,1
842,59,100450,769,10,1,14971,2763169,869920,2,1
843,44,77077,749,18,0,30829,660596,182576,4,1
844,58,124529,685,12,3,30489,1912216,920369,3,1
845,23,133439,829,6,3,5920,2181646,311445,0,1
846,33,122787,795,7,1,11002,1940038,820864,1,1
847,25,60011,744,9,2,8551,2811274,315837,0,1
848,22,122122,750,18,1,13501,807994,401033,2,1
849,42,132093,640,15,0,22025,2483935,388910,4,0
850,37,33765,670,33,1,32044,2236004,17213,2,0
851,27,83891,790,14,3,29415,1629102,511671,0,1
852,55,121108,612,17,0,15640,1573563,337603,1,1
853,23,89909,862,1,0,22819,154059,705641,2,1
854,52,123140,550,12,1,23979,1848967,508148,2,1
855,28,139338,727,33,0,26634,756548,178823,4,1
856,48,73053,771,31,0,28427,2943361,554808,2,1
857,52,33084,752,21,3,25064,1192657,468962,2,1
858,49,50230,566,0,1,3396,2997957,890724,4,0
859,35,107033,811,33,0,27346,1077119,708518,4,1
860,31,16061,587,23,2,19049,366649,164301,2,0
861,56,29438,845,4,1,2240,1153876,658541,1,1
862,41,81846,558,30,3,20830,1242027,164159,3,1
863,42,118583,594,13,2,37615,1161111,190219,5,0
864,43,128328,688,33,1,36913,2492322,935221,1,1
865,24,28657,701,14,2,35921,1315877,993254,1,0
866,23,39421,572,8,1,5779,2829125,960736,5,0
867,37,142295,587,8,0,15520,1304400,749328,0,1
868,57,139669,606,18,1,26860,1455614,778270,1,1
869,31,148370,674,27,0,9771,1979424,647230,5,1
870,40,145289,662,11,2,3279,1121637,344441,3,1
871,46,132211,868,5,0,2334,607731,505233,3,1
872,54,107491,819,14,1,35359,1462948,769747,0,1
873,41,111207,900,7,0,30835,1467421,620692,1,1
874,43,35701,658,7,1,14382,2446339,265426,3,1
875,56,104148,724,4,1,15405,1823194,348965,0,1
876,44,133728,803,12,3,19886,2365732,236837,2,1
877,48,82153,688,10,2,19559,1251390,900632,3,1
878,54,43876,702,32,1,37143,260646,365473,4,1
879,54,98649,559,7,2,6915,2160850,815893,5,1
880,26,98263,893,25,3,229,2214273,857598,3,1
881,51,52177,601,4,3,3390,1312247,233214,1,1
882,30,40251,806,5,3,36806,516316,779783,2,1
883,43,17938,754,32,3,23402,621593,48858,2,0
884,32,129216,834,14,2,7347,1912629,548931,3,1
885,52,108023,779,31,0,31946,528303,818813,3,1
886,34,137331,751,6,3,4751,2326701,749227,3,1
887,56,95042,783,4,2,2020,1074165,109641,0,1
888,51,46683,672,19,0,6533,2293290,435383,5,0
889,35,124163,877,28,1,23270,1963444,411086,0,1
890,51,42034,748,21,3,1031,66924,640872,0,1
891,52,104187,723,11,2,1467,2443781,543957,4,1
892,39,126902,679,10,3,11558,2743091,314609,4,1
893,29,57118,806,3,0,34598,847538,952220,4,1
894,58,111638,551,15,0,10230,1972068,158785,3,1
895,38,28531,797,16,2,32848,2558517,803406,2,0
896,49,92517,720,15,1,9970,1255117,131058,5,1
897,22,74030,618,5,1,1483,892249,735064,0,1
898,49,120235,672,22,3,16655,2977252,141214,4,0
899,46,42797,666,5,1,35170,243673,29702,0,1
900,36,89776,787,29,0,17008,2630047,837581,1,1
901,43,83279,643,6,0,27234,1576507,449015,0,1
902,29,63658,821,9,2,23430,1199461,305819,3,1
903,43,37801,697,29,1,13762,901034,53260,3,1
904,21,27801,558,26,3,26781,2819668,152309,5,0
905,38,34211,869,13,2,16514,2914908,846933,0,0
906,49,15770,590,8,2,14458,701206,370433,0,0
907,56,49068,704,23,0,32178,681023,690522,1,1
908,47,70383,614,22,3,33849,431806,937214,4,0
909,25,41715,782,7,3,7986,87576,525559,5,1
910,39,75357,592,16,3,2871,65110,954381,5,1
911,28,81892,710,24,1,20481,1609129,330858,1,1
912,59,102238,757,28,0,8941,438559,772765,0,1
913,23,77224,732,14,3,22709,305482,699568,1,1
914,45,134238,708,25,0,16327,1849687,112209,1,1
915,51,58546,748,2,0,25608,437623,606499,3,1
916,56,71696,892,25,0,28607,895224,350999,0,1
917,29,72122,888,27,3,5576,746613,12760,3,1
918,52,77000,812,31,2,21058,384133,501194,1,1
919,56,60068,579,32,0,5814,782995,284723,0,1
920,34,90180,580,2,1,25150,2977961,730948,2,1
921,41,35198,747,34,0,16274,2137427,837309,1,0
922,41,73562,758,8,2,31807,2289938,73947,5,0
923,26,71824,760,16,3,31179,183721,901355,1,1
924,57,68819,849,8,1,21203,1579147,535734,3,1
925,41,25057,636,17,1,37677,1992236,975329,4,0
926,24,109698,850,15,0,21594,1196682,948441,1,1
927,56,60441,805,13,3,26383,195882,189469,1,1
928,28,54113,596,5,3,12659,2136511,444098,0,1
929,57,120638,755,34,1,26190,1704439,157326,0,1
930,31,29095,894,31,2,18484,2333409,821212,4,0
931,52,68984,851,11,0,25548,1410998,225255,4,1
932,23,111743,696,30,2,37104,2098212,309195,3,1
933,53,57083,730,29,3,30255,2596155,654185,2,1
934,30,110658,805,24,0,5456,1345906,952054,1,1
935,32,77859,673,17,3,2446,385744,192817,3,1
936,23,19687,795,35,2,35206,2558890,253945,2,0
937,29,54463,721,32,3,19837,2184204,425512,0,1
938,30,59788,558,14,0,21118,2415309,979166,4,0
939,37,107827,705,22,0,23977,610384,186963,0,1
940,23,71127,805,34,1,25208,2415588,42349,4,1
941,25,71803,559,31,2,33673,831280,914271,2,1
942,46,46611,842,10,2,25462,1768843,639883,2,1
943,27,65842,715,23,0,16381,2824474,533714,3,1
944,49,119518,722,26,2,24087,1994727,478507,5,1
945,30,133454,716,15,1,18576,1873224,758042,0,1
946,25,37177,755,11,0,23146,1070428,174177,3,1
947,44,34276,657,1,1,20295,2008420,403462,1,0
948,24,142748,838,15,3,8677,1522678,189521,2,1
949,30,117328,651,4,3,27489,2301671,929087,3,1
950,60,87118,688,7,1,28626,1248727,58607,1,1
951,44,139063,714,23,3,11791,2286760,136317,0,1
952,36,21762,640,21,2,7341,1686930,328465,0,0
953,45,56614,756,27,1,2439,1886827,807750,1,1
954,54,21139,652,16,3,19791,1057593,433467,5,0
955,56,48671,677,33,2,22954,1504796,124957,5,0
956,52,105477,875,28,1,29432,1069403,382020,5,1
957,47,113212,850,2,3,13797,2697865,128120,3,1
958,28,58830,623,13,3,8168,1635672,757265,1,1
959,55,75604,770,31,1,6793,2196288,878711,5,1
960,45,51687,790,28,1,27673,1325051,772051,1,1
961,21,49224,814,11,3,18349,2859690,186233,4,0
962,28,33461,707,20,1,2833,2995254,256945,5,1
963,24,17558,658,1,1,34351,1483907,953006,4,0
964,59,124617,840,11,0,32194,1253623,608725,0,1
965,31,136419,893,12,3,14427,1155629,929175,4,1
966,42,89374,594,28,3,13562,942580,595133,4,1
967,34,74312,900,3,3,391,1571651,276035,4,1
968,44,24243,729,22,0,19028,1592744,656130,4,0
969,23,22539,814,12,1,23686,2031501,996399,1,1
970,41,44985,889,6,2,28318,2197343,183817,3,1
971,31,44866,889,3,2,17337,1711473,643019,1,1
972,33,128792,681,8,1,38486,1404587,812054,4,1
973,34,48560,650,4,0,29603,66921,782508,2,1
974,49,128875,638,9,2,16795,123246,513719,4,0
975,34,96191,875,17,3,4909,994843,141213,2,1
976,60,36394,778,21,2,11072,2592035,506961,4,0
977,38,56245,691,30,3,2360,1632468,437032,0,1
978,51,71515,795,22,1,29228,54657,877418,3,1
979,60,132858,678,10,0,36032,558990,12664,2,0
980,59,113118,567,33,2,38615,2608500,537355,1,1
981,53,49020,725,17,2,4770,2063445,396153,0,1
982,45,141019,663,8,0,29159,2816433,80709,1,0
983,51,144434,645,19,3,31821,2524433,970372,2,1
984,51,126892,823,2,3,10705,579164,884515,3,1
985,37,135211,895,3,2,10927,2273066,730534,4,1
986,50,59580,569,8,1,34032,2908876,157677,3,1
987,57,89638,717,1,3,4438,940288,818448,1,1
988,56,100625,698,25,2,26479,2026385,10094,2,0
989,55,60006,764,0,3,14917,2163239,111300,1,1
990,26,141499,790,29,3,10802,1133834,193678,3,1
991,36,47067,563,19,2,15886,2634268,363799,0,0
992,48,40887,779,33,1,8444,2719032,291146,2,1
993,21,65995,728,9,1,3562,2323075,595778,3,1
994,32,67700,722,32,0,19329,1374315,242582,0,1
995,39,141311,792,30,3,39993,2893682,46501,5,0
996,33,69173,604,17,1,5631,401166,174825,3,1
997,37,41769,789,16,3,28535,902121,927617,1,1
998,26,107126,849,8,1,1465,2354421,479949,2,1
999,34,61876,595,22,1,26716,2642926,861840,5,0
1000,22,72923,855,22,1,21925,2326265,156619,1,1
